name,bus0,bus1,x,r,s_nom
2,94,86,2.308285036,0.425590054,490
3,142,86,2.114328719,0.389829358,490
4,87,159,2.969431856,0.547488998,490
5,161,88,2.82490982,0.520842748,490
6,162,161,11.01181145,2.030302736,490
7,83,159,4.559371399,0.840634102,490
8,100,8,1.820484417,0.335651814,490
9,159,100,7.018315148,1.294001855,490
10,161,99,6.465882375,1.192147063,490
11,9,151,0.757886059,0.139735242,490
12,123,9,0.450981072,0.083149635,490
13,123,148,3.863161197,0.712270346,490
14,155,82,2.317357083,0.427262712,490
15,154,10,3.413085142,0.629287573,490
16,10,148,5.582238858,1.029225289,490
17,89,92,4.475807948,0.82522709,490
18,154,148,8.99732756,1.658882269,490
19,145,12,9.221374995,1.700191015,490
20,145,91,8.546241861,1.575713343,490
21,11,90,0.561465912,0.103520278,490
22,154,11,2.494223801,0.459872513,490
23,12,90,0.559511122,0.103159863,490
24,13,392,11.33362361,2.089636853,490
26,154,155,9.994723917,1.842777222,490
27,158,123,4.986219636,0.919334245,490
28,98,142,2.526296831,0.465785978,490
29,85,142,1.041964591,0.192112221,490
30,15,202,2.249839413,0.259596855,1700
31,156,93,3.093008394,0.356885584,1700
32,153,148,9.309302119,1.074150244,1700
33,145,16,6.303796838,0.727361174,1700
34,17,132,3.582951685,0.413417502,1700
36,122,176,4.039995819,0.744874229,490
37,175,176,2.389712505,0.275736058,1700
38,157,158,4.277311509,0.493535943,1700
39,151,149,9.293995169,1.713580359,490
40,18,150,2.479376252,0.286081875,1700
41,18,149,6.038733345,0.696776924,1700
42,151,157,8.261361072,0.95323397,1700
43,151,149,7.361359209,0.849387601,1700
44,149,142,4.954930271,0.571722724,1700
45,142,94,4.405903069,0.812338378,490
46,159,86,4.212377193,0.486043522,1700
47,101,161,6.432819255,1.18605105,490
48,164,115,7.284508567,1.343081267,490
49,115,171,1.136056786,0.20946047,490
50,165,173,8.678016974,1.60000938,490
51,117,173,7.023507013,1.294959105,490
52,118,173,8.840967147,1.630053318,490
53,19,155,2.076838672,0.38291713,490
54,122,155,5.929408421,1.093234678,490
55,159,20,6.207876333,0.716293423,1700
56,20,114,3.589790471,0.414206593,1700
57,163,171,4.934534823,0.569369403,1700
58,173,171,4.639800211,0.535361563,1700
59,172,173,4.811791603,0.555206723,1700
60,174,183,19.24299452,2.220345522,1700
61,173,119,4.427643298,0.510881919,1700
62,172,171,5.460040105,0.630004627,1700
63,156,118,9.692531944,1.787060577,490
64,156,178,12.01117376,2.214560162,490
65,177,178,1.473158558,0.271613609,490
66,105,62,3.852076322,0.710226572,490
67,184,179,7.748050572,1.428546824,490
68,179,183,19.23272498,3.546033667,490
69,191,183,14.15402447,1.63315667,1700
70,103,186,2.119363045,0.390757562,490
71,185,107,2.809457905,0.517993801,490
72,108,107,3.943603831,0.727101956,490
74,186,445,1.733623662,0.200033499,1700
75,170,21,14.2435232,1.643483446,1700
76,166,21,9.833896049,1.134680313,1700
77,32,264,1.95900343,0.361191257,490
78,32,77,15.16629051,2.796284812,490
79,77,250,9.262627367,1.707796921,490
80,77,76,10.45143072,1.926982538,490
81,22,26,6.789481579,1.251810666,490
82,24,237,16.00198984,2.950366878,490
83,24,140,12.75836399,2.352323362,490
84,25,26,1.95858682,0.361114445,490
85,235,242,24.68548639,2.848325353,1700
86,235,27,9.898523875,1.14213737,1700
87,242,27,16.84885026,1.944098107,1700
88,188,189,2.822095542,0.325626409,1700
89,256,247,19.69852479,3.631915508,490
90,270,196,44.33582116,8.174417027,490
91,30,253,2.328984012,0.429406427,490
92,198,199,14.35190099,2.646131744,490
93,196,200,12.29110595,1.418204533,1700
94,196,247,17.15884599,3.16366223,490
95,199,196,11.22591224,2.069777569,490
96,200,249,14.53876836,1.677550195,1700
97,196,249,16.8883802,1.948659254,1700
98,197,200,5.210755942,0.60124107,1700
99,188,190,16.32280254,1.883400293,1700
100,249,243,21.33287502,3.933248832,490
101,264,244,39.65511557,4.575590258,1700
102,33,244,0.399710415,0.046120432,1700
103,33,242,6.524583933,1.202970163,490
104,245,242,9.886754519,1.822870364,490
105,245,243,13.75830062,2.536686677,490
106,33,243,17.08735199,3.150480522,490
107,264,283,53.06010395,6.122319687,1700
108,40,283,7.116598717,0.821146006,1700
109,270,253,27.66809562,5.101305129,490
110,269,256,12.6122391,2.325381584,490
111,258,256,4.217791542,0.777655316,490
112,269,270,4.537251509,0.836555747,490
113,297,270,25.67935788,2.963002832,1700
114,262,259,3.102044521,0.571939459,490
115,256,257,4.446888925,0.513102568,1700
116,59,256,8.7669369,1.616403991,490
117,34,260,6.726197844,1.240142727,490
118,264,259,21.39034685,3.943845201,490
119,264,260,12.25334806,2.259211048,490
121,145,17,3.427168615,0.395442532,1700
122,37,211,14.94046179,1.723899438,1700
123,392,202,12.11869682,1.398311172,1700
124,148,392,28.85522063,3.329448534,1700
125,148,202,20.70281296,3.817081139,490
126,35,13,13.54183838,2.496776451,490
127,66,392,18.19792524,2.099760605,1700
128,120,65,7.89645135,0.911129002,1700
129,37,209,29.72095681,3.429341171,1700
130,208,212,14.09767457,1.626654758,1700
131,215,208,22.46145783,2.591706673,1700
132,215,203,10.95923829,2.02060956,490
133,215,213,1.009708184,0.186164947,490
134,216,215,3.893621331,0.717886433,490
135,378,38,2.71913172,0.501339911,490
136,381,38,9.378364185,1.729135897,490
137,38,377,0.462140164,0.085207093,490
138,379,378,2.148464243,0.396123095,490
139,395,394,8.286712524,0.956159137,1700
140,218,221,11.50800394,2.121788227,490
141,218,223,5.879692334,1.084068274,490
142,127,226,22.22557413,2.564489322,1700
143,217,127,7.540586603,0.870067685,1700
144,220,225,22.53830104,2.600573196,1700
145,384,379,8.755440036,1.010243081,1700
146,390,391,10.56943133,1.948738902,490
147,386,217,18.90891747,2.18179817,1700
148,64,413,7.2095959,1.329269244,490
149,63,426,1.469692073,0.270974476,490
150,64,426,2.301206585,0.424284964,490
151,134,455,17.25611548,1.991090248,1700
152,399,134,24.96373361,2.880430802,1700
153,398,399,3.967366107,0.457773012,1700
154,401,402,12.397344,2.2857603,490
155,400,402,18.76048491,3.458964406,490
156,126,405,8.453557252,1.558624618,490
157,405,404,8.273787568,0.954667796,1700
158,288,284,29.47847663,3.401362688,1700
159,268,284,23.60888883,4.352888878,490
160,80,283,2.626829629,0.303095726,1700
161,268,80,20.76722158,2.396217874,1700
162,283,284,9.404589388,1.733971168,490
163,283,45,2.883500376,0.531645382,490
164,283,45,2.374784359,0.27401358,1700
166,285,284,0.323264674,0.059601924,490
167,42,45,21.08022079,2.432333168,1700
168,43,279,9.416191332,1.086483615,1700
169,277,275,5.888924797,0.679491323,1700
170,75,270,16.39262191,1.891456375,1700
171,270,288,39.63836147,7.308322897,490
172,265,264,9.498349244,1.751258142,490
173,169,102,0.639985136,0.073844439,1700
174,235,144,15.26613896,1.761477572,1700
175,287,284,24.90367545,4.591615162,490
176,267,131,15.1974869,2.802036646,490
177,266,131,6.874377045,1.267463268,490
178,42,279,9.453560992,1.090795499,1700
179,291,256,33.54010809,6.18395743,490
180,46,47,3.432874673,0.396100924,1700
181,46,275,1.987195259,0.229291761,1700
182,47,275,5.394389109,0.622429513,1700
183,275,273,10.04789967,1.159373039,1700
184,301,48,21.29418414,2.457021247,1700
185,300,299,13.67183025,2.520743702,490
186,300,299,16.23594798,2.99350291,490
187,301,300,9.769290984,1.801213025,490
188,49,298,12.13812501,2.237966799,490
189,296,295,8.027693226,0.926272295,1700
190,297,299,6.391620106,1.178454957,490
191,463,294,10.34146587,1.193246061,1700
192,291,293,15.02417609,2.770082466,490
193,297,293,13.08123747,2.411853159,490
194,50,297,50.33518806,9.280550299,490
195,289,50,29.37474872,5.415969295,490
196,50,290,20.45081069,2.359708926,1700
197,182,183,19.6087693,2.262550304,1700
198,181,449,15.63778539,1.804359852,1700
199,195,192,12.16566818,1.403730944,1700
200,192,194,5.226860242,0.603099259,1700
201,192,72,7.105221867,1.310025282,490
202,73,196,5.397151782,0.622748283,1700
203,192,73,1.158363945,0.133657378,1700
204,231,192,30.20772315,3.485506517,1700
205,322,232,29.11837704,5.368700767,490
206,322,231,22.99487298,2.653254575,1700
207,231,246,24.03664032,2.773458498,1700
208,326,231,12.93935347,1.493002324,1700
209,327,81,9.533870403,1.10006197,2100
210,232,81,9.928906309,1.145643036,2100
211,326,329,11.30249156,1.304133641,2100
212,324,329,21.07215736,2.431402772,1700
213,322,329,26.74481449,3.085940133,1700
214,324,322,7.13991776,0.823836665,1700
215,328,329,12.85711834,1.483513655,1700
216,328,321,42.05149571,7.753244522,490
217,129,319,6.104670908,0.704385105,1700
218,321,129,23.34622052,2.693794676,1700
219,322,312,26.14616228,3.016864878,1700
220,311,312,12.78953614,2.358070725,490
221,306,310,11.47138748,1.323621632,1700
222,319,315,27.61407806,5.091345643,490
223,319,54,15.67289705,2.889690393,490
224,315,54,13.64674566,2.516118732,490
225,316,54,25.00999792,4.611218367,490
226,318,54,3.72305421,0.68643812,490
228,358,368,33.95927588,3.918377986,1700
229,358,337,44.03803603,5.08131185,1700
230,358,135,14.16573341,1.634507701,1700
231,358,350,23.23359242,2.680799125,1700
232,341,335,42.14194942,7.769921924,490
233,346,341,8.289960909,1.528461543,490
234,228,180,15.20824735,1.754797771,1700
235,334,333,7.606046988,0.877620806,1700
236,334,332,14.47548839,1.670248661,1700
237,339,346,21.58639175,3.979990978,490
238,348,346,16.42673884,3.028679973,490
239,348,339,31.56930393,5.820590413,490
240,332,339,11.84910651,1.367204597,1700
241,342,348,11.42466909,1.318231048,1700
242,348,343,8.09765733,0.934345076,1700
243,352,351,9.552461941,1.102207147,1700
244,352,348,31.32172238,3.61404489,1700
245,337,338,13.21086381,1.52433044,1700
246,135,338,28.46219924,3.284099912,1700
247,357,362,32.67621728,3.770332763,1700
248,356,362,24.68048209,2.847747934,1700
249,368,365,18.27700001,2.108884616,1700
250,358,365,16.22551996,1.87217538,1700
251,359,360,19.81185214,3.652810238,490
252,362,360,32.14947709,5.927559839,490
253,417,362,56.29637314,6.495735362,1700
254,375,368,27.0655008,3.1229424,1700
255,366,368,8.887189907,1.638575639,490
256,386,387,6.71961944,0.775340705,1700
257,134,413,8.453112051,0.975359083,1700
258,431,427,16.64474194,3.068874294,490
259,429,431,7.038503834,1.297724144,490
260,429,427,15.79093447,2.911453543,490
261,436,435,7.956742351,1.467024371,490
262,434,435,6.228195345,1.148323517,490
263,139,420,12.26685903,1.415406811,1700
264,416,139,6.423512255,0.741174491,1700
265,419,417,14.64507492,1.689816336,1700
266,138,420,26.53347925,3.061555298,1700
267,229,138,8.609636637,0.993419612,1700
268,130,419,50.94522791,5.878295528,1700
269,23,26,10.40458164,1.200528651,1700
270,39,268,7.684277739,0.886647431,1700
271,353,5,4.211374969,0.485927881,1700
272,436,2,27.4738626,3.170061069,1700
273,44,277,0.728852599,0.084098377,1700
274,161,163,9.894394338,1.824278956,490
275,328,325,22.98490025,2.652103875,1700
276,145,392,30.07414213,3.470093323,1700
277,82,89,2.788567643,0.514142159,490
278,386,391,20.6127199,2.378390757,1700
279,328,329,15.78959956,2.911207419,490
280,405,404,10.23492089,1.887063539,490
281,270,269,3.483057631,0.401891265,1700
282,254,256,12.51033105,1.443499736,1700
283,309,310,1.481618589,0.170955991,1700
284,259,74,10.29612553,1.188014485,1700
285,301,48,26.17168893,4.825405146,490
286,168,186,3.41439748,0.39396894,1700
287,309,311,10.53145846,1.941737653,490
288,207,391,16.08990757,1.856527797,1700
289,235,237,8.491876348,1.565689702,490
290,386,385,14.32886364,2.641884233,490
291,288,75,15.79728075,1.822763164,1700
292,257,258,1.431258837,0.263888348,490
293,156,19,1.477920983,0.272491681,490
294,249,242,32.69080803,3.772016312,1700
295,164,171,4.936506819,0.569596941,1700
296,149,86,3.210170507,0.370404289,1700
297,322,313,29.797698,5.493950568,490
298,32,250,23.71558546,4.372561069,490
299,259,74,11.94670645,2.202674002,490
300,163,173,5.889253091,0.679529203,1700
301,163,165,0.882033631,0.101773111,1700
303,291,292,5.304343036,0.612039581,1700
304,45,284,6.033487055,0.696171583,1700
305,111,186,7.941924877,1.464292399,490
306,301,299,19.07514662,2.200978456,1700
307,197,190,14.8154124,1.709470662,1700
308,393,391,27.44547562,3.166785648,1700
309,285,45,7.315437681,1.348783822,490
310,52,325,17.05576058,1.967972375,1700
311,329,332,14.63884373,1.689097354,2300
312,132,211,7.686479666,0.8869015,1700
313,102,141,2.199552901,0.253794566,1700
314,392,393,12.21766264,1.409730304,1700
315,275,274,3.38551428,0.390636263,1700
316,210,37,17.51961428,2.021493955,1700
317,333,180,33.81044945,3.901205706,1700
318,44,275,5.158491434,0.59521055,1700
319,163,167,3.477900908,0.401296259,1700
320,224,208,6.976826383,0.805018429,1700
321,186,170,11.69418463,1.349328996,1700
322,227,192,23.26423766,2.684335115,1700
323,269,276,11.89899949,1.37296148,1700
324,412,415,7.460716299,0.860851881,1700
325,425,424,0.839684599,0.096886685,1700
326,169,170,4.391553109,0.506717666,1700
327,56,379,9.511347878,1.097463217,1700
328,181,191,3.47670529,0.401158303,1700
329,44,75,0.529842383,0.06113566,1700
330,119,183,21.83226312,2.519107283,1700
331,125,43,5.036154345,0.581094732,1700
332,264,268,31.45251881,3.629136785,1700
333,317,319,16.52889442,1.907180125,1700
334,261,259,5.868106812,0.677089248,1700
335,294,295,10.31880579,1.190631438,1700
336,6,156,3.884595786,0.448222591,1700
337,148,151,2.460439902,0.283896912,1700
338,159,142,2.489396197,0.287238023,1700
339,248,249,2.920379376,0.336966851,1700
340,413,400,13.77031656,1.58888268,1700
341,400,387,27.25689146,3.145025938,1700
342,163,168,5.865885145,0.676832901,1700
343,338,333,20.27350432,2.339250498,2300
344,208,209,8.704000024,1.004307695,1700
345,163,164,2.186565536,0.252296023,1700
346,192,196,6.120450041,0.706205774,1700
347,376,56,6.820191429,0.786945165,1700
348,363,369,1.356432343,0.156511424,1700
349,422,55,1.933279539,0.223070716,1700
350,183,190,12.08809443,1.394780127,1700
351,225,224,5.764049026,0.66508258,1700
352,333,344,27.1940205,3.137771596,1700
353,209,210,13.15109716,1.517434287,1700
354,348,350,21.68953397,2.502638535,1700
355,332,330,13.15737592,1.51815876,1700
356,371,370,2.359591896,0.272260603,1700
357,368,367,7.630725753,0.880468356,1700
358,275,278,9.427788801,1.087821785,1700
359,199,248,7.183310182,1.324422815,490
361,288,285,35.94366358,6.627112972,490
362,207,392,15.62412318,1.802783444,1700
363,281,43,0.336947791,0.038878591,1700
364,386,413,34.11246453,3.936053599,1700
365,379,380,2.47403412,0.285465475,1700
366,395,1,6.970085853,0.804240675,1700
367,429,432,2.116318572,0.244190604,1700
368,155,175,4.618121663,0.532860192,1700
369,188,187,11.13359404,1.284645466,1700
370,189,188,4.483102888,0.517281102,1700
371,357,356,12.04117981,1.389366901,1700
372,307,306,4.421226473,0.510141516,1700
373,342,343,5.773861168,0.66621475,1700
374,375,130,9.748171997,1.124789077,1700
375,173,174,7.430907384,0.85741239,1700
376,382,386,24.27779516,4.476218482,490
377,416,420,18.67478191,2.154782528,1700
378,348,339,16.07063382,1.854303902,1700
379,280,125,4.208840172,0.485635404,1700
380,186,183,17.80977275,2.054973779,1700
381,292,293,6.929415732,0.799547969,1700
382,217,380,20.31497577,2.344035665,1700
383,249,270,29.07156723,3.354411604,1700
384,170,167,5.353947699,0.617763196,1700
385,394,393,5.167120934,0.596206262,1700
386,369,370,1.704984797,0.196729015,1700
387,148,202,16.79755085,1.938178944,1700
388,175,120,9.789677307,1.129578151,1700
389,37,146,0.415236719,0.047911929,1700
390,172,156,10.34031262,1.193112995,1700
391,417,361,52.04193492,6.004838645,1700
392,310,317,16.01895825,1.848341336,1700
393,430,428,14.92302589,1.721887603,1700
394,411,412,7.417638574,0.855881374,1700
395,269,256,7.820681836,0.902386366,1700
396,308,310,4.656262858,0.537261099,1700
397,367,375,32.41258706,3.739913891,1700
398,414,413,7.47114657,0.862055373,1700
399,37,36,0.292559836,0.033756904,1700
400,163,161,8.121663708,0.937115043,1700
401,387,60,1.546436117,0.178434937,1700
402,268,40,20.04004102,2.312312426,1700
403,336,338,10.15285671,1.171483467,1700
404,166,170,6.356987782,0.73349859,1700
405,125,283,17.76545024,2.049859643,1700
406,357,355,16.20611913,1.869936822,1700
407,170,69,1.201040097,0.13858155,1700
408,295,306,13.04952204,1.505714081,1700
409,430,432,2.693943004,0.310839577,1700
410,150,158,3.850046305,0.444236112,1700
411,420,55,9.314270681,1.07472354,1700
412,235,170,30.84570836,3.559120195,1700
413,396,395,3.485942801,0.402224169,1700
414,214,387,11.87683312,1.370403821,1700
415,312,310,19.78563972,2.282958429,1700
416,414,415,7.721443312,0.890935767,1700
417,242,244,5.299273685,0.611454656,1700
418,355,354,5.824166467,0.672019208,1700
419,217,384,14.03756464,1.619718997,1700
420,297,299,4.409762435,0.508818742,1700
422,371,367,2.064248383,0.238182506,1700
423,36,65,1.05039616,0.121199557,1700
424,283,45,2.348493016,0.270979963,1700
425,214,215,3.940149222,0.454632603,1700
426,264,261,8.61823522,0.994411756,1700
427,231,254,26.40312833,3.046514807,1700
428,396,439,1.3858883,0.159910188,1700
429,362,363,4.394660816,0.507076248,1700
430,436,432,13.33689689,1.538872718,1700
431,392,393,12.2939492,1.4185326,1700
432,362,361,6.381307051,0.73630466,1700
433,417,420,38.7317579,4.469048988,1700
434,405,395,14.97093761,1.727415878,1700
435,225,181,18.85875667,2.176010385,1700
436,226,225,7.803784037,0.90043662,1700
437,273,270,5.129336078,0.591846471,1700
438,350,346,21.98947358,2.537246952,1700
439,186,445,1.724252146,0.198952171,1700
440,180,225,10.68041581,1.232355671,1700
441,353,352,14.75142268,1.702087232,1700
442,298,296,9.135072479,1.054046824,1700
443,161,444,1.089327613,0.125691648,1700
444,93,148,6.086764692,0.702319003,1700
445,346,344,5.298563776,0.611372743,1700
446,163,186,8.941195257,1.031676376,1700
447,249,188,32.27007392,3.723470067,1700
448,180,227,13.17260796,1.519916304,1700
449,128,192,7.782515661,0.897982576,1700
450,170,144,15.73959982,1.816107671,1700
451,281,42,0.352747178,0.040701597,1700
452,376,375,12.72725805,1.468529775,1700
453,231,128,22.55413156,2.602399795,1700
454,80,283,3.214643183,0.592699837,490
455,332,348,26.91200785,3.105231675,1700
456,412,416,22.71355937,2.620795311,1700
457,332,333,20.27159684,2.339030405,1700
458,130,229,19.71234732,2.274501613,1700
459,164,163,2.945600749,0.33987701,1700
460,254,291,14.42507562,1.664431802,1700
461,336,375,30.97922531,3.574525997,1700
462,350,357,31.63850488,3.650596717,1700
463,351,348,22.29066176,2.571999433,1700
464,389,379,22.41545281,2.586398401,1700
465,155,156,6.581121934,0.759360223,1700
466,36,146,0.122218557,0.014102141,1700
467,283,282,1.752136913,0.202169644,1700
468,153,176,4.335585628,0.50025988,1700
469,298,301,21.00035498,2.423117882,1700
470,148,151,2.430111493,0.28039748,1700
471,398,404,14.48063552,1.67084256,1700
472,333,228,18.95730767,2.187381655,1700
473,50,297,39.84873101,4.597930502,1700
474,220,219,14.8706211,2.741770766,490
475,276,279,8.855637578,1.021804336,1700
476,415,428,8.143061275,0.939583993,1700
477,215,212,8.360507642,0.964673959,1700
478,432,413,14.89855207,1.7190637,1700
479,153,16,2.749778616,0.317282148,1700
480,143,338,1.347401022,0.155469349,1700
481,261,269,17.68956261,2.041103379,1700
482,389,411,6.718553582,0.775217721,1700
483,151,18,1.323428646,0.152703305,1700
484,298,295,16.55230831,3.051831846,490
485,278,297,6.365137561,0.734438949,1700
486,74,246,11.86316403,1.368826619,1700
487,357,358,11.35530437,1.310227428,1700
488,297,293,10.6861576,1.233018184,1700
489,153,145,9.049868097,1.04421555,1700
490,352,354,11.95586331,1.379522689,2300
491,348,51,14.85010486,1.713473638,1700
492,354,350,24.51490355,2.828642718,1700
493,68,188,1.791634448,0.330332601,490
494,300,49,13.82098635,2.548244358,490
495,232,230,1.713860946,0.315993112,490
496,152,145,8.237761176,1.518837217,490
497,270,271,4.895351802,0.902580489,490
499,323,321,20.15720695,3.716485032,490
500,408,409,0.516575804,0.095243664,490
501,100,160,5.370058074,0.990104457,490
502,67,240,0.437068786,0.080584557,490
503,192,193,2.995962836,0.552380648,490
504,147,149,13.27300666,2.447210603,490
505,78,264,4.424858784,0.815833338,490
506,77,252,3.79063966,0.698899187,490
507,149,87,3.570809159,0.658367939,490
508,14,98,0.95332335,0.175768993,490
509,100,99,1.883601247,0.34728898,490
510,321,320,11.48959632,2.118394321,490
511,97,149,6.169650244,1.137529264,490
512,97,142,2.204255514,0.40640961,490
513,309,305,16.44946131,3.03286943,490
514,35,145,9.027017616,1.664356373,490
515,96,149,6.478209798,1.194419931,490
516,383,381,7.971108051,1.469673047,490
517,109,108,3.664578935,0.675656741,490
518,383,381,8.584644533,1.582793836,490
519,201,243,15.06373227,2.777375637,490
520,300,302,13.00551239,2.397891347,490
521,265,78,6.998256587,1.290303558,490
522,87,95,1.744681165,0.32167559,490
523,410,427,5.932703161,1.093842145,490
524,269,272,3.074508563,0.566862516,490
525,239,140,19.0200475,3.506821258,490
526,156,123,7.025386465,1.295305629,490
527,158,124,1.166215152,0.215020919,490
528,118,116,9.914486353,1.827983421,490
529,430,431,5.975033357,1.101646775,490
530,70,188,13.04452433,2.405084174,490
531,433,434,4.379806168,0.807526762,490
532,111,112,1.615169683,0.29779691,490
533,25,240,1.534123397,0.282854001,490
534,298,299,19.19533947,3.539140715,490
535,161,8,2.95330528,0.544515661,490
536,72,193,4.145105602,0.764253845,490
537,407,405,10.65625698,1.964747381,490
538,268,285,23.31700388,4.29907259,490
539,152,121,0.653536317,0.120495758,490
540,162,7,7.316219419,1.348927955,490
541,136,362,27.56859555,5.082959805,490
542,192,128,9.457856111,1.743792221,490
543,235,140,7.432136526,1.370300172,490
544,391,206,6.756173511,1.245669491,490
545,400,413,17.12122358,3.156725598,490
546,76,243,10.17698008,1.876380702,490
547,283,79,1.066159992,0.196573249,490
549,400,401,12.48977627,2.3028025,490
550,57,405,17.8391299,3.289089576,490
551,428,427,1.043945124,0.192477382,490
552,348,347,9.712319086,1.790708831,490
553,148,151,2.833553814,0.522436484,490
554,359,136,9.501443643,1.751828672,490
555,397,386,14.28836422,2.634417153,490
556,255,256,1.8229689,0.210342565,1700
557,368,372,17.66663339,3.257285532,490
558,240,241,0.134617425,0.024820088,490
559,333,335,21.18607719,3.906182983,490
560,7,159,6.808206766,1.255263122,490
561,381,377,9.857906405,1.817551493,490
562,223,382,15.58582124,2.873635792,490
563,53,304,10.08677173,1.859748538,490
564,154,12,2.490670481,0.45921737,490
565,434,436,10.22089023,1.884476636,490
566,366,362,14.75594652,2.72062764,490
567,183,184,5.105201567,0.941271539,490
568,168,186,4.228708554,0.77966814,490
569,256,255,2.320350644,0.42781465,490
570,105,178,3.20046099,0.590084995,490
571,89,10,3.733429978,0.688351152,490
572,203,213,10.63409818,1.960661853,490
573,249,250,4.387050339,0.808862406,490
574,270,275,12.33701746,2.274637595,490
575,92,156,5.723487248,1.055267961,490
576,381,382,4.821914581,0.889040501,490
577,266,267,9.287069392,1.712303419,490
578,251,259,8.575235207,1.581058991,490
579,375,420,62.44873856,11.51398617,490
580,379,377,5.145344314,0.948672858,490
581,178,156,12.08348694,2.227892905,490
582,348,349,5.8940833,1.086721608,490
583,111,103,5.78893837,1.067335512,490
584,427,423,15.66013755,2.88733786,490
585,205,211,6.358745376,1.172393679,490
586,413,426,3.705215395,0.683149088,490
587,236,188,23.62582495,4.356011475,490
588,268,267,15.73435313,2.901021358,490
589,400,397,11.07223966,2.041444187,490
590,204,207,4.308036991,0.79429432,490
591,62,178,7.030426844,1.296234949,490
592,309,306,12.64050244,2.330592638,490
593,215,61,12.44381962,2.294329243,490
594,179,105,16.61199197,3.06283602,490
595,108,185,6.67715764,1.23110094,490
596,364,363,2.92165154,0.538679503,490
597,203,215,10.2467003,1.889235367,490
598,104,116,14.0732809,2.594761167,490
599,421,420,13.35782664,2.462849287,490
600,133,379,3.413244432,0.629316942,490
601,131,264,6.4892924,1.196463286,490
602,202,392,14.95518724,2.757362648,490
603,183,179,10.67841191,1.968832196,490
604,58,259,1.029375223,0.189791057,490
605,339,340,10.42033144,1.921248609,490
606,238,242,1.964725163,0.362246202,490
607,234,235,6.619915922,1.220546998,490
608,163,173,7.845940166,1.446595218,490
609,115,101,3.673609999,0.677321844,490
610,249,250,4.397761428,0.810837263,490
611,110,173,1.273730912,0.234844137,490
612,402,126,2.862253799,0.527728044,490
614,198,31,1.397800734,0.25771951,490
615,173,105,18.31615449,3.377040984,490
616,221,222,4.938153249,0.910472005,490
617,318,316,23.80005997,4.388136058,490
618,303,304,23.14169138,4.266749348,490
619,222,219,10.46436522,1.929367338,490
620,322,233,36.78492883,6.782221253,490
622,289,290,4.814477177,0.555516597,1700
623,331,332,5.237993466,0.965755045,490
624,408,405,18.27744803,3.369904481,490
625,199,30,12.12839865,2.236173501,490
626,303,306,9.901316468,1.825555224,490
627,264,263,0.717346466,0.082770746,1700
628,70,71,0.144269678,0.026599722,490
629,83,100,2.855958982,0.526567437,490
630,249,30,6.650819034,1.226244759,490
631,313,314,7.783165347,1.435021111,490
632,234,29,0.856820838,0.157976342,490
633,436,427,20.10165505,3.70624265,490
634,19,118,8.21584047,1.514795587,490
635,158,97,3.362685634,0.619995164,490
636,91,11,3.185662192,0.587356467,490
637,25,242,5.684111336,1.048008028,490
638,89,156,4.184836111,0.771579158,490
639,84,158,2.89833194,0.534379951,490
640,346,345,8.91337539,1.643403588,490
641,382,221,29.39453162,5.419616768,490
642,403,126,1.79096353,0.330208901,490
643,28,234,3.299998602,0.608437242,490
644,137,420,28.71049695,5.293497875,490
645,436,437,20.27926293,3.738989103,490
646,104,173,1.707583133,0.31483564,490
647,322,323,12.66080315,2.334335581,490
648,375,374,6.553609238,1.208321703,490
649,64,63,0.971200071,0.179065013,490
650,421,418,21.0045477,3.872713481,490
651,426,410,7.681300845,1.416239843,490
652,34,251,5.149757517,0.949486542,490
653,388,203,3.622418964,0.667883497,490
654,198,188,30.490813,5.621743647,490
655,59,74,2.817611817,0.519497179,490
656,111,163,3.88612592,0.716504467,490
657,29,235,7.436264925,1.371061345,490
658,216,203,8.816385779,1.625521128,490
659,64,400,24.01406775,4.427593742,490
660,186,185,5.550679086,1.023406457,490
661,211,213,8.875111497,1.636348682,490
662,314,323,23.66259603,4.362791143,490
663,359,137,19.77850703,3.646662233,490
664,186,447,4.57907405,0.844266778,490
665,321,319,36.11033651,6.657843295,490
666,122,154,4.131459855,0.761737911,490
667,327,329,5.696971696,0.657342888,2100
668,382,379,10.92651768,2.014576698,490
669,249,201,20.53280399,3.785735736,490
670,240,239,0.381634386,0.07036384,490
671,316,314,14.61495277,2.694631917,490
672,346,335,50.42968408,9.297973002,490
673,171,117,5.167880695,0.952828003,490
674,232,231,0.65382768,0.075441655,1700
675,106,103,0.991647362,0.182834982,490
676,207,391,19.85461017,3.66069375,490
677,198,196,8.878245883,1.636926585,490
678,7,88,1.127426366,0.207869236,490
679,113,161,10.02075165,1.847576085,490
680,420,359,48.44945584,8.93286842,490
681,173,109,3.258224966,0.600735228,490
682,365,364,12.5202396,2.308419176,490
683,123,151,1.20943501,0.22298958,490
684,128,233,15.03753549,2.772545606,490
685,437,3,8.44780322,1.557563719,490
686,113,101,3.617368782,0.666952369,490
687,111,165,4.568609439,0.842337365,490
688,286,284,22.49462621,4.147446708,490
689,183,185,16.43341204,3.029910346,490
690,424,423,3.887066279,0.716677845,490
691,421,55,0.665667959,0.12273253,490
692,321,325,11.30955324,1.30494845,1700
693,217,220,14.79193195,1.706761379,1700
694,182,181,9.863469265,1.138092608,1700
695,206,205,9.334367357,1.721023981,490
696,145,176,24.70197477,4.554426598,490
697,194,181,13.23004142,1.526543241,1700
698,236,235,12.89742874,2.377963424,490
699,438,284,3.176986946,0.366575417,1700
700,207,206,5.373019278,0.990650429,490
701,286,287,3.957717243,0.729704117,490
702,407,406,1.866030302,0.344049337,490
703,164,163,2.343793746,0.432136972,490
704,289,288,13.12500718,2.419923198,490
705,289,288,10.66521509,1.230601741,1700
706,418,417,18.16555935,3.349275005,490
707,333,330,14.41387574,1.663139509,2300
708,330,329,13.83839177,1.596737512,2300
711,360,4,6.632765674,0.765319116,1700
720,439,393,8.611650667,0.993652,1700
730,440,207,3.341797289,0.616143875,490
732,211,215,6.975237266,0.804835069,1700
737,444,20,3.206050605,0.369928916,1700
738,444,446,1.911456802,0.220552708,1700
743,445,188,14.54973774,1.678815893,1700
744,445,187,7.342232743,0.847180701,1700
745,186,445,1.66081922,0.191632987,1700
746,447,70,2.456302924,0.452880852,490
747,188,445,14.54535755,1.678310486,1700
748,449,195,4.513166824,0.520750018,1700
767,256,74,4.87574596,0.562586072,1700
768,273,258,6.11973239,0.706122968,1700
781,455,404,7.049770081,0.813435009,1700
861,299,463,1.636540918,0.188831644,1700
865,373,358,44.17233754,5.096808178,1700
866,375,373,14.26531872,1.645998314,1700
869,252,34,0.332810956,0.06136202,490
870,239,464,0.951328564,0.10976868,1700
871,242,464,4.526383134,0.522274977,1700
872,464,26,1.643926856,0.189683868,1700
874,153,176,4.348159133,0.501710669,1700
877,17,37,3.804358894,0.438964488,1700
878,66,466,10.81611092,1.248012798,1700
879,466,37,3.824683121,0.441309591,1700
880,466,145,3.442643119,0.397228052,1700
897,256,258,3.441562446,0.397103359,1700
4904,3006,268,5.162196458,0.951779972,490
5782,3676,178,7.195995832,1.326761732,490
