,output_raw_mill,el_cons_raw_mill,raw_mill_on,raw_mill_start,raw_mill_stop,raw_mill_shut_down,raw_mill_shut_down_change,input_kiln,output_kiln,el_cons_kiln,kiln_on,el_cons_cement_mill,cement_mill_on,cement_mill_start,cement_mill_stop,cement_mill_shut_down,cement_mill_shut_down_change,input_cement_mill,output_cement_mill,raw_meal_silo,clinker_dome,el_cons_total,slag,PFC
0,150.0,3450.0,1.0,0.0,0.0,1.0,1.0,80.74534161490682,130.0,3900.0,1.0,0.0,0.0,0.0,0.0,0.0,1.0,0.0,0.0,69.25465838509318,130.0,7350.0,0.0,30.0
1,150.0,3450.0,1.0,0.0,0.0,1.0,1.0,80.74534161490682,130.0,3900.0,1.0,0.0,0.0,0.0,0.0,-0.0,1.0,0.0,0.0,138.50931677018636,260.0,7350.0,0.0,500.0
2,150.0,3450.0,1.0,0.0,0.0,1.0,1.0,80.74534161490682,130.0,3900.0,1.0,0.0,0.0,0.0,0.0,0.0,1.0,0.0,0.0,207.76397515527952,390.0,7350.0,0.0,20.0
3,150.0,3450.0,1.0,0.0,0.0,1.0,1.0,80.74534161490682,130.0,3900.0,1.0,0.0,0.0,0.0,0.0,1.0,1.0,0.0,0.0,277.0186335403727,520.0,7350.0,0.0,20.0
4,150.0,3450.0,1.0,0.0,0.0,1.0,1.0,80.74534161490682,130.0,3900.0,1.0,0.0,0.0,0.0,0.0,0.0,0.0,0.0,0.0,346.2732919254659,650.0,7350.0,0.0,20.0
5,150.0,3450.0,1.0,-0.0,0.0,1.0,1.0,80.74534161490682,130.0,3900.0,1.0,0.0,0.0,0.0,0.0,0.0,1.0,0.0,0.0,415.52795031055905,780.0,7350.0,0.0,20.0
6,150.0,3450.0,1.0,0.0,0.0,1.0,1.0,80.74534161490682,130.0,3900.0,1.0,0.0,0.0,0.0,0.0,0.0,1.0,0.0,0.0,484.78260869565224,910.0,7350.0,0.0,20.0
7,150.0,3450.0,1.0,-0.0,0.0,1.0,1.0,80.74534161490682,130.0,3900.0,1.0,0.0,0.0,0.0,0.0,0.0,1.0,0.0,0.0,554.0372670807454,1040.0,7350.0,0.0,20.0
8,150.0,3450.0,1.0,-0.0,0.0,1.0,1.0,80.74534161490682,130.0,3900.0,1.0,0.0,0.0,0.0,0.0,0.0,1.0,0.0,0.0,623.2919254658386,1170.0,7350.0,0.0,500.0
9,150.0,3450.0,1.0,-0.0,0.0,1.0,1.0,80.74534161490682,130.0,3900.0,1.0,0.0,0.0,0.0,0.0,0.0,1.0,0.0,0.0,692.5465838509318,1300.0,7350.0,0.0,20.0
10,150.0,3450.0,1.0,-0.0,0.0,1.0,1.0,80.74534161490682,130.0,3900.0,1.0,0.0,0.0,0.0,0.0,0.0,1.0,0.0,0.0,761.801242236025,1430.0,7350.0,0.0,20.0
11,150.0,3450.0,1.0,0.0,0.0,1.0,1.0,80.74534161490682,130.0,3900.0,1.0,0.0,0.0,0.0,0.0,0.0,1.0,0.0,0.0,831.0559006211182,1560.0,7350.0,0.0,30.0
12,150.0,3450.0,1.0,0.0,0.0,1.0,1.0,80.74534161490682,130.0,3900.0,1.0,0.0,0.0,0.0,0.0,0.0,1.0,0.0,0.0,900.3105590062114,1690.0,7350.0,0.0,20.0
13,150.0,3450.0,1.0,-0.0,0.0,1.0,1.0,80.74534161490682,130.0,3900.0,1.0,0.0,0.0,0.0,0.0,0.0,1.0,0.0,0.0,969.5652173913046,1820.0,7350.0,0.0,20.0
14,150.0,3450.0,1.0,-0.0,0.0,1.0,1.0,80.74534161490682,130.0,3900.0,1.0,0.0,0.0,0.0,0.0,0.0,1.0,0.0,0.0,1038.8198757763978,1950.0,7350.0,0.0,20.0
15,0.0,0.0,-0.0,-0.0,1.0,1.0,1.0,80.74534161490682,130.0,3900.0,1.0,0.0,0.0,0.0,0.0,0.0,1.0,0.0,0.0,958.074534161491,2080.0,3900.0,0.0,500.0
16,0.0,0.0,0.0,-0.0,0.0,1.0,1.0,80.74534161490682,130.0,3900.0,1.0,0.0,0.0,0.0,0.0,0.0,1.0,0.0,0.0,877.3291925465842,2210.0,3900.0,0.0,500.0
17,0.0,0.0,0.0,-0.0,0.0,1.0,1.0,80.74534161490682,130.0,3900.0,1.0,0.0,0.0,0.0,0.0,0.0,1.0,0.0,0.0,796.5838509316774,2340.0,3900.0,0.0,20.0
18,0.0,0.0,-0.0,-0.0,0.0,1.0,1.0,80.74534161490682,130.0,3900.0,1.0,0.0,-0.0,-0.0,0.0,0.0,1.0,-0.0,-0.0,715.8385093167706,2470.0,3900.0,0.0,500.0
19,150.0,3450.0,1.0,1.0,0.0,1.0,1.0,80.74534161490682,130.0,3900.0,1.0,0.0,0.0,-0.0,0.0,0.0,1.0,0.0,0.0,785.0931677018638,2600.0,7350.0,0.0,20.0
20,150.0,3450.0,1.0,-0.0,0.0,1.0,1.0,80.74534161490682,130.0,3900.0,1.0,0.0,-0.0,-0.0,0.0,0.0,1.0,-0.0,-0.0,854.347826086957,2730.0,7350.0,0.0,500.0
21,150.0,3450.0,1.0,-0.0,0.0,1.0,1.0,80.74534161490682,130.0,3900.0,1.0,0.0,0.0,-0.0,0.0,0.0,1.0,0.0,0.0,923.6024844720502,2860.0,7350.0,0.0,20.0
22,150.0,3450.0,1.0,0.0,0.0,1.0,1.0,80.74534161490682,130.0,3900.0,1.0,0.0,0.0,-0.0,0.0,0.0,1.0,0.0,0.0,992.8571428571433,2990.0,7350.0,0.0,20.0
23,150.0,3450.0,1.0,0.0,0.0,1.0,1.0,80.74534161490682,130.0,3900.0,1.0,0.0,0.0,-0.0,0.0,0.0,1.0,0.0,0.0,1062.1118012422364,3120.0,7350.0,0.0,20.0
24,150.0,3450.0,1.0,0.0,0.0,1.0,1.0,80.74534161490682,130.0,3900.0,1.0,0.0,0.0,-0.0,0.0,0.0,1.0,0.0,0.0,1131.3664596273295,3250.0,7350.0,0.0,20.0
25,150.0,3450.0,1.0,-0.0,0.0,1.0,1.0,80.74534161490682,130.0,3900.0,1.0,0.0,0.0,-0.0,0.0,0.0,1.0,0.0,0.0,1200.6211180124226,3380.0,7350.0,0.0,20.0
26,150.0,3450.0,1.0,-0.0,0.0,1.0,1.0,80.74534161490682,130.0,3900.0,1.0,0.0,0.0,-0.0,0.0,0.0,1.0,0.0,0.0,1269.8757763975157,3510.0,7350.0,0.0,500.0
27,150.0,3450.0,1.0,-0.0,0.0,1.0,1.0,80.74534161490682,130.0,3900.0,1.0,0.0,0.0,-0.0,0.0,0.0,1.0,0.0,0.0,1339.1304347826087,3640.0,7350.0,0.0,20.0
28,150.0,3450.0,1.0,0.0,0.0,1.0,1.0,80.74534161490682,130.0,3900.0,1.0,0.0,0.0,-0.0,0.0,0.0,1.0,0.0,0.0,1408.3850931677018,3770.0,7350.0,0.0,20.0
29,150.0,3450.0,1.0,0.0,0.0,1.0,1.0,80.74534161490682,130.0,3900.0,1.0,0.0,0.0,-0.0,0.0,0.0,1.0,0.0,0.0,1477.639751552795,3900.0,7350.0,0.0,500.0
30,150.0,3450.0,1.0,-0.0,0.0,1.0,1.0,80.74534161490682,130.0,3900.0,1.0,0.0,0.0,-0.0,0.0,0.0,1.0,0.0,0.0,1546.894409937888,4030.0,7350.0,0.0,20.0
31,150.0,3450.0,1.0,0.0,0.0,1.0,1.0,80.74534161490682,130.0,3900.0,1.0,0.0,0.0,-0.0,0.0,0.0,1.0,0.0,0.0,1616.149068322981,4160.0,7350.0,0.0,20.0
32,150.0,3450.0,1.0,0.0,0.0,1.0,1.0,80.74534161490682,130.0,3900.0,1.0,0.0,-0.0,-0.0,0.0,0.0,1.0,0.0,0.0,1685.4037267080741,4290.0,7350.0,0.0,20.0
33,150.0,3450.0,1.0,-0.0,0.0,1.0,1.0,80.74534161490682,130.0,3900.0,1.0,0.0,0.0,-0.0,0.0,0.0,1.0,0.0,0.0,1754.6583850931672,4420.0,7350.0,0.0,0.0
34,150.0,3450.0,1.0,0.0,0.0,1.0,1.0,80.74534161490682,130.0,3900.0,1.0,0.0,0.0,-0.0,0.0,0.0,1.0,0.0,0.0,1823.9130434782603,4550.0,7350.0,0.0,0.0
35,150.0,3450.0,1.0,-0.0,0.0,1.0,1.0,80.74534161490682,130.0,3900.0,1.0,0.0,0.0,-0.0,0.0,0.0,1.0,0.0,0.0,1893.1677018633534,4680.0,7350.0,0.0,500.0
36,0.0,0.0,0.0,0.0,1.0,1.0,1.0,80.74534161490682,130.0,3900.0,1.0,0.0,0.0,0.0,0.0,0.0,1.0,0.0,0.0,1812.4223602484465,4810.0,3900.0,0.0,20.0
37,0.0,0.0,0.0,0.0,0.0,1.0,1.0,80.74534161490682,130.0,3900.0,1.0,0.0,-0.0,-0.0,0.0,-0.0,1.0,-0.0,-0.0,1731.6770186335395,4940.0,3900.0,0.0,0.0
38,0.0,0.0,0.0,0.0,0.0,1.0,1.0,80.74534161490682,130.0,3900.0,1.0,0.0,0.0,0.0,0.0,-0.0,1.0,0.0,0.0,1650.9316770186326,5070.0,3900.0,0.0,20.0
39,0.0,0.0,0.0,0.0,0.0,1.0,1.0,80.74534161490682,130.0,3900.0,1.0,0.0,-0.0,-0.0,0.0,0.0,1.0,0.0,0.0,1570.1863354037257,5200.0,3900.0,0.0,500.0
40,0.0,0.0,0.0,0.0,0.0,0.0,0.0,80.74534161490682,130.0,3900.0,1.0,0.0,-0.0,-0.0,0.0,0.0,1.0,0.0,0.0,1489.4409937888188,5330.0,3900.0,0.0,20.0
41,0.0,0.0,0.0,0.0,0.0,0.0,1.0,80.74534161490682,130.0,3900.0,1.0,0.0,-0.0,-0.0,0.0,0.0,1.0,0.0,0.0,1408.695652173912,5460.0,3900.0,0.0,20.0
42,0.0,0.0,0.0,0.0,0.0,0.0,1.0,80.74534161490682,130.0,3900.0,1.0,0.0,-0.0,0.0,0.0,0.0,1.0,-0.0,-0.0,1327.9503105590052,5590.0,3900.0,0.0,20.0
43,0.0,0.0,0.0,0.0,0.0,0.0,1.0,80.74534161490682,130.0,3900.0,1.0,0.0,-0.0,0.0,0.0,0.0,1.0,-0.0,-0.0,1247.2049689440985,5720.0,3900.0,0.0,500.0
44,0.0,0.0,0.0,0.0,0.0,0.0,1.0,80.74534161490682,130.0,3900.0,1.0,8800.0,1.0,1.0,0.0,1.0,1.0,255.8139534883721,220.0,1166.4596273291916,5594.186046511628,12700.0,0.0,20.0
45,0.0,0.0,0.0,0.0,0.0,0.0,1.0,80.74534161490682,130.0,3900.0,1.0,8800.0,1.0,0.0,0.0,1.0,1.0,255.8139534883721,220.0,1085.7142857142849,5468.372093023251,12700.0,0.0,20.0
46,0.0,0.0,0.0,0.0,0.0,0.0,1.0,80.74534161490682,130.0,3900.0,1.0,8800.0,1.0,0.0,0.0,1.0,1.0,255.8139534883721,220.0,1004.9689440993781,5342.558139534879,12700.0,0.0,500.0
47,0.0,0.0,0.0,0.0,0.0,0.0,1.0,80.74534161490682,130.0,3900.0,1.0,8800.0,1.0,0.0,0.0,1.0,1.0,255.8139534883721,220.0,924.2236024841593,5216.744186046507,12700.0,0.0,20.0
48,0.0,0.0,0.0,0.0,0.0,0.0,1.0,80.74534161490682,130.0,3900.0,1.0,8800.0,1.0,0.0,0.0,1.0,1.0,255.8139534883721,220.0,843.4782608692525,5090.930232558135,12700.0,0.0,500.0
49,0.0,0.0,0.0,0.0,0.0,0.0,1.0,80.74534161490682,130.0,3900.0,1.0,8800.0,1.0,0.0,0.0,1.0,1.0,255.8139534883721,220.0,762.7329192543457,4965.116279069763,12700.0,0.0,30.0
50,0.0,0.0,0.0,0.0,0.0,0.0,1.0,80.74534161490682,130.0,3900.0,1.0,8800.0,1.0,0.0,0.0,1.0,1.0,255.8139534883721,220.0,681.9875776394389,4839.3023255813905,12700.0,0.0,0.0
51,0.0,0.0,0.0,0.0,0.0,0.0,1.0,80.74534161490682,130.0,3900.0,1.0,8800.0,1.0,0.0,0.0,1.0,1.0,255.8139534883721,220.0,601.2422360245321,4713.488372093018,12700.0,0.0,20.0
52,0.0,0.0,0.0,0.0,0.0,0.0,1.0,80.74534161490682,130.0,3900.0,1.0,8800.0,1.0,0.0,0.0,1.0,1.0,255.8139534883721,220.0,520.4968944096253,4587.674418604646,12700.0,0.0,20.0
53,0.0,0.0,0.0,0.0,0.0,0.0,1.0,80.74534161490682,130.0,3900.0,1.0,8800.0,1.0,0.0,0.0,1.0,1.0,255.8139534883721,220.0,439.75155279471846,4461.860465116274,12700.0,0.0,500.0
54,0.0,0.0,0.0,0.0,0.0,0.0,1.0,80.74534161490682,130.0,3900.0,1.0,8800.0,1.0,0.0,0.0,1.0,1.0,255.8139534883721,220.0,359.00621117981166,4336.046511627902,12700.0,0.0,20.0
55,0.0,0.0,-0.0,-0.0,0.0,0.0,1.0,80.74534161490682,130.0,3900.0,1.0,8800.0,1.0,0.0,0.0,1.0,1.0,255.8139534883721,220.0,278.26086956490485,4210.23255813953,12700.0,0.0,20.0
56,0.0,0.0,0.0,0.0,0.0,0.0,1.0,80.74534161490682,130.0,3900.0,1.0,8800.0,1.0,0.0,0.0,1.0,1.0,255.8139534883721,220.0,197.51552794999805,4084.4186046511577,12700.0,0.0,20.0
57,0.0,0.0,0.0,0.0,0.0,0.0,1.0,80.74534161490682,130.0,3900.0,1.0,8800.0,1.0,0.0,0.0,1.0,1.0,255.8139534883721,220.0,116.77018633509124,3958.6046511627856,12700.0,0.0,20.0
58,0.0,0.0,0.0,0.0,0.0,0.0,1.0,80.74534161490682,130.0,3900.0,1.0,8800.0,1.0,0.0,0.0,1.0,1.0,255.8139534883721,220.0,36.02484472018443,3832.7906976744134,12700.0,0.0,20.0
59,150.0,3450.0,1.0,1.0,0.0,1.0,1.0,80.74534161490682,130.0,3900.0,1.0,8800.0,1.0,0.0,0.0,1.0,1.0,255.8139534883721,220.0,105.27950310527761,3706.9767441860413,16150.0,0.0,20.0
60,150.0,3450.0,1.0,0.0,0.0,1.0,1.0,80.74534161490682,130.0,3900.0,1.0,8800.0,1.0,0.0,0.0,1.0,1.0,255.8139534883721,220.0,174.5341614903708,3581.162790697669,16150.0,0.0,30.0
61,150.0,3450.0,1.0,0.0,0.0,1.0,1.0,80.74534161490682,130.0,3900.0,1.0,0.0,0.0,0.0,1.0,1.0,1.0,0.0,0.0,243.78881987546396,3711.162790697669,7350.0,0.0,30.0
62,150.0,3450.0,1.0,0.0,0.0,1.0,1.0,80.74534161490682,130.0,3900.0,1.0,0.0,-0.0,0.0,0.0,1.0,1.0,0.0,0.0,313.04347826055715,3841.162790697669,7350.0,0.0,20.0
63,150.0,3450.0,1.0,0.0,0.0,1.0,1.0,80.74534161490682,130.0,3900.0,1.0,0.0,-0.0,0.0,0.0,1.0,1.0,0.0,0.0,382.29813664565035,3971.162790697669,7350.0,0.0,20.0
64,150.0,3450.0,1.0,0.0,0.0,1.0,1.0,80.74534161490682,130.0,3900.0,1.0,8800.0,1.0,1.0,0.0,1.0,1.0,255.8139534883721,220.0,451.55279503074354,3845.348837209297,16150.0,0.0,500.0
65,150.0,3450.0,1.0,0.0,0.0,1.0,1.0,80.74534161490682,130.0,3900.0,1.0,8800.0,1.0,-0.0,0.0,1.0,1.0,255.8139534883721,220.0,520.8074534158367,3719.534883720925,16150.0,0.0,500.0
66,150.0,3450.0,1.0,0.0,0.0,1.0,1.0,80.74534161490682,130.0,3900.0,1.0,8800.0,1.0,0.0,0.0,1.0,1.0,255.8139534883721,220.0,590.0621118009299,3593.7209302325527,16150.0,0.0,20.0
67,150.0,3450.0,1.0,0.0,0.0,1.0,1.0,80.74534161490682,130.0,3900.0,1.0,8800.0,1.0,0.0,0.0,1.0,1.0,255.8139534883721,220.0,659.3167701860231,3467.9069767441806,16150.0,0.0,20.0
68,150.0,3450.0,1.0,0.0,0.0,1.0,1.0,80.74534161490682,130.0,3900.0,1.0,8800.0,1.0,0.0,0.0,1.0,1.0,255.8139534883721,220.0,728.5714285711163,3342.0930232558085,16150.0,0.0,30.0
69,150.0,3450.0,1.0,0.0,0.0,1.0,1.0,80.74534161490682,130.0,3900.0,1.0,8800.0,1.0,0.0,0.0,1.0,1.0,255.8139534883721,220.0,797.8260869562095,3216.2790697674363,16150.0,0.0,30.0
70,150.0,3450.0,1.0,0.0,0.0,1.0,1.0,80.74534161490682,130.0,3900.0,1.0,8800.0,1.0,0.0,0.0,1.0,1.0,255.8139534883721,220.0,867.0807453413026,3090.465116279064,16150.0,0.0,20.0
71,150.0,3450.0,1.0,0.0,0.0,1.0,1.0,80.74534161490682,130.0,3900.0,1.0,8800.0,1.0,0.0,0.0,1.0,1.0,255.8139534883721,220.0,936.3354037263958,2964.651162790692,16150.0,0.0,30.0
72,150.0,3450.0,1.0,0.0,0.0,1.0,1.0,80.74534161490682,130.0,3900.0,1.0,8800.0,1.0,0.0,0.0,1.0,1.0,255.8139534883721,220.0,1005.590062111489,2838.8372093023204,16150.0,0.0,500.0
73,150.0,3450.0,1.0,0.0,0.0,1.0,1.0,80.74534161490682,130.0,3900.0,1.0,8800.0,1.0,0.0,0.0,1.0,1.0,255.8139534883721,220.0,1074.844720496582,2713.0232558139483,16150.0,0.0,500.0
74,150.0,3450.0,1.0,0.0,0.0,1.0,1.0,80.74534161490682,130.0,3900.0,1.0,8800.0,1.0,0.0,0.0,1.0,1.0,255.8139534883721,220.0,1144.0993788816752,2587.209302325576,16150.0,0.0,20.0
75,150.0,3450.0,1.0,0.0,0.0,1.0,1.0,80.74534161490682,130.0,3900.0,1.0,8800.0,1.0,0.0,0.0,1.0,1.0,255.8139534883721,220.0,1213.3540372667683,2461.395348837204,16150.0,0.0,20.0
76,0.0,0.0,0.0,0.0,1.0,1.0,1.0,80.74534161490682,130.0,3900.0,1.0,8800.0,1.0,0.0,0.0,1.0,1.0,255.8139534883721,220.0,1132.6086956518616,2335.581395348832,12700.0,0.0,0.0
77,0.0,0.0,0.0,0.0,0.0,1.0,1.0,80.74534161490682,130.0,3900.0,1.0,8800.0,1.0,0.0,0.0,1.0,1.0,255.8139534883721,220.0,1051.8633540369547,2209.7674418604597,12700.0,0.0,20.0
78,0.0,0.0,0.0,0.0,0.0,1.0,1.0,80.74534161490682,130.0,3900.0,1.0,8800.0,1.0,0.0,0.0,1.0,1.0,255.8139534883721,220.0,971.1180124220479,2083.9534883720876,12700.0,0.0,500.0
79,0.0,0.0,0.0,0.0,0.0,1.0,1.0,80.74534161490682,130.0,3900.0,1.0,8800.0,1.0,0.0,0.0,1.0,1.0,255.8139534883721,220.0,890.372670807141,1958.1395348837154,12700.0,0.0,500.0
80,150.0,3450.0,1.0,1.0,0.0,1.0,1.0,80.74534161490682,130.0,3900.0,1.0,8800.0,1.0,0.0,0.0,1.0,1.0,255.8139534883721,220.0,959.6273291922342,1832.3255813953433,16150.0,0.0,500.0
81,150.0,3450.0,1.0,0.0,0.0,1.0,1.0,80.74534161490682,130.0,3900.0,1.0,8800.0,1.0,0.0,0.0,1.0,1.0,255.8139534883721,220.0,1028.8819875773274,1706.5116279069712,16150.0,0.0,500.0
82,150.0,3450.0,1.0,0.0,0.0,1.0,1.0,80.74534161490682,130.0,3900.0,1.0,8800.0,1.0,0.0,0.0,1.0,1.0,255.8139534883721,220.0,1098.1366459624205,1580.697674418599,16150.0,0.0,20.0
83,150.0,3450.0,1.0,0.0,0.0,1.0,1.0,80.74534161490682,130.0,3900.0,1.0,8800.0,1.0,0.0,0.0,1.0,1.0,255.8139534883721,220.0,1167.3913043475138,1454.883720930227,16150.0,0.0,20.0
84,150.0,3450.0,1.0,0.0,0.0,1.0,1.0,80.74534161490682,130.0,3900.0,1.0,8800.0,1.0,0.0,0.0,1.0,1.0,255.8139534883721,220.0,1236.645962732607,1329.0697674418548,16150.0,0.0,20.0
85,150.0,3450.0,1.0,0.0,0.0,1.0,1.0,80.74534161490682,130.0,3900.0,1.0,8800.0,1.0,0.0,0.0,1.0,1.0,255.8139534883721,220.0,1305.9006211177002,1203.2558139534826,16150.0,0.0,0.0
86,150.0,3450.0,1.0,0.0,0.0,1.0,1.0,80.74534161490682,130.0,3900.0,1.0,8800.0,1.0,0.0,0.0,1.0,1.0,255.8139534883721,220.0,1375.1552795027933,1077.4418604651105,16150.0,0.0,0.0
87,150.0,3450.0,1.0,0.0,0.0,1.0,1.0,80.74534161490682,130.0,3900.0,1.0,8800.0,1.0,0.0,0.0,1.0,1.0,255.8139534883721,220.0,1444.4099378878866,951.6279069767384,16150.0,0.0,0.0
88,150.0,3450.0,1.0,0.0,0.0,1.0,1.0,80.74534161490682,130.0,3900.0,1.0,8800.0,1.0,0.0,0.0,1.0,1.0,255.8139534883721,220.0,1513.6645962729797,825.8139534883669,16150.0,0.0,30.0
89,150.0,3450.0,1.0,0.0,0.0,1.0,1.0,80.74534161490682,130.0,3900.0,1.0,8800.0,1.0,0.0,0.0,1.0,1.0,255.8139534883721,220.0,1582.919254658073,699.9999999999948,16150.0,0.0,20.0
90,150.0,3450.0,1.0,0.0,0.0,1.0,1.0,80.74534161490682,130.0,3900.0,1.0,8800.0,1.0,0.0,0.0,1.0,1.0,255.8139534883721,220.0,1652.173913043166,574.1860465116227,16150.0,0.0,500.0
91,150.0,3450.0,1.0,0.0,0.0,1.0,1.0,80.74534161490682,130.0,3900.0,1.0,8800.0,1.0,0.0,0.0,1.0,1.0,255.8139534883721,220.0,1721.4285714282594,448.3720930232506,16150.0,0.0,500.0
92,150.0,3450.0,1.0,0.0,0.0,1.0,1.0,80.74534161490682,130.0,3900.0,1.0,8800.0,1.0,0.0,0.0,1.0,1.0,255.8139534883721,220.0,1790.6832298133525,322.55813953487853,16150.0,0.0,20.0
93,150.0,3450.0,1.0,0.0,0.0,1.0,1.0,80.74534161490682,130.0,3900.0,1.0,8800.0,1.0,0.0,0.0,1.0,1.0,255.8139534883721,220.0,1859.9378881984455,196.74418604650643,16150.0,0.0,30.0
94,150.0,3450.0,1.0,0.0,0.0,1.0,1.0,80.74534161490682,130.0,3900.0,1.0,8800.0,1.0,0.0,0.0,1.0,1.0,255.8139534883721,220.0,1929.1925465835386,70.93023255813432,16150.0,0.0,500.0
95,150.0,3450.0,1.0,0.0,0.0,1.0,1.0,80.74534161490682,130.0,3900.0,1.0,0.0,0.0,0.0,1.0,1.0,1.0,0.0,0.0,1998.4472049686317,200.93023255813432,7350.0,0.0,0.0
96,0.0,0.0,-0.0,0.0,1.0,1.0,1.0,80.74534161490682,130.0,3900.0,1.0,0.0,0.0,0.0,0.0,1.0,1.0,0.0,0.0,1917.7018633537248,330.9302325581343,3900.0,0.0,500.0
97,0.0,0.0,0.0,0.0,0.0,1.0,1.0,80.74534161490682,130.0,3900.0,1.0,0.0,0.0,0.0,0.0,1.0,1.0,0.0,0.0,1836.9565217388179,460.9302325581343,3900.0,0.0,20.0
98,-0.0,0.0,-0.0,0.0,0.0,1.0,1.0,80.74534161490682,130.0,3900.0,1.0,0.0,0.0,0.0,0.0,1.0,1.0,0.0,0.0,1756.211180123911,590.9302325581343,3900.0,0.0,500.0
99,0.0,0.0,0.0,0.0,0.0,1.0,1.0,80.74534161490682,130.0,3900.0,1.0,0.0,0.0,0.0,0.0,0.0,0.0,0.0,0.0,1675.465838509004,720.9302325581343,3900.0,0.0,20.0
100,0.0,0.0,0.0,0.0,0.0,0.0,1.0,80.74534161490682,130.0,3900.0,1.0,0.0,0.0,0.0,0.0,0.0,1.0,0.0,0.0,1594.720496894097,850.9302325581343,3900.0,0.0,20.0
101,0.0,0.0,0.0,0.0,0.0,0.0,1.0,80.74534161490682,130.0,3900.0,1.0,0.0,0.0,0.0,0.0,0.0,1.0,0.0,0.0,1513.9751552791902,980.9302325581343,3900.0,0.0,30.0
102,150.0,3450.0,1.0,1.0,0.0,1.0,1.0,80.74534161490682,130.0,3900.0,1.0,0.0,0.0,0.0,0.0,0.0,1.0,0.0,0.0,1583.2298136642833,1110.9302325581343,7350.0,0.0,20.0
103,150.0,3450.0,1.0,0.0,0.0,1.0,1.0,80.74534161490682,130.0,3900.0,1.0,0.0,0.0,0.0,0.0,0.0,1.0,0.0,0.0,1652.4844720493763,1240.9302325581343,7350.0,0.0,20.0
104,150.0,3450.0,1.0,0.0,0.0,1.0,1.0,80.74534161490682,130.0,3900.0,1.0,0.0,0.0,0.0,0.0,0.0,1.0,0.0,0.0,1721.7391304344694,1370.9302325581343,7350.0,0.0,0.0
105,150.0,3450.0,1.0,-0.0,0.0,1.0,1.0,80.74534161490682,130.0,3900.0,1.0,0.0,0.0,0.0,0.0,0.0,1.0,0.0,0.0,1790.9937888195627,1500.9302325581343,7350.0,0.0,20.0
106,150.0,3450.0,1.0,-0.0,0.0,1.0,1.0,80.74534161490682,130.0,3900.0,1.0,0.0,0.0,0.0,0.0,0.0,1.0,0.0,0.0,1860.2484472046558,1630.9302325581343,7350.0,0.0,500.0
107,150.0,3450.0,1.0,-0.0,0.0,1.0,1.0,80.74534161490682,130.0,3900.0,1.0,0.0,0.0,0.0,0.0,0.0,1.0,0.0,0.0,1929.5031055897493,1760.9302325581343,7350.0,0.0,30.0
108,150.0,3450.0,1.0,-0.0,0.0,1.0,1.0,80.74534161490682,130.0,3900.0,1.0,0.0,0.0,0.0,0.0,0.0,1.0,0.0,0.0,1998.7577639748424,1890.9302325581343,7350.0,0.0,20.0
109,150.0,3450.0,1.0,-0.0,0.0,1.0,1.0,80.74534161490682,130.0,3900.0,1.0,0.0,0.0,0.0,0.0,0.0,1.0,0.0,0.0,2068.0124223599355,2020.9302325581343,7350.0,0.0,20.0
110,150.0,3450.0,1.0,-0.0,0.0,1.0,1.0,80.74534161490682,130.0,3900.0,1.0,0.0,0.0,0.0,0.0,0.0,1.0,0.0,0.0,2137.2670807450286,2150.9302325581343,7350.0,0.0,20.0
111,150.0,3450.0,1.0,-0.0,0.0,1.0,1.0,80.74534161490682,130.0,3900.0,1.0,0.0,-0.0,0.0,0.0,-0.0,1.0,-0.0,-0.0,2206.521739130122,2280.9302325581343,7350.0,0.0,0.0
112,150.0,3450.0,1.0,-0.0,0.0,1.0,1.0,80.74534161490682,130.0,3900.0,1.0,0.0,-0.0,0.0,0.0,0.0,1.0,0.0,0.0,2275.776397515215,2410.9302325581343,7350.0,0.0,20.0
113,150.0,3450.0,1.0,-0.0,0.0,1.0,1.0,80.74534161490682,130.0,3900.0,1.0,0.0,-0.0,-0.0,0.0,0.0,1.0,0.0,0.0,2345.0310559003083,2540.9302325581343,7350.0,0.0,500.0
114,150.0,3450.0,1.0,-0.0,0.0,1.0,1.0,80.74534161490682,130.0,3900.0,1.0,0.0,0.0,-0.0,0.0,0.0,1.0,0.0,0.0,2414.2857142854014,2670.9302325581343,7350.0,0.0,30.0
115,150.0,3450.0,1.0,-0.0,0.0,1.0,1.0,80.74534161490682,130.0,3900.0,1.0,0.0,-0.0,-0.0,0.0,0.0,1.0,0.0,0.0,2483.5403726704944,2800.9302325581343,7350.0,0.0,500.0
116,150.0,3450.0,1.0,0.0,0.0,1.0,1.0,80.74534161490682,130.0,3900.0,1.0,0.0,0.0,0.0,0.0,0.0,1.0,0.0,0.0,2552.7950310555875,2930.9302325581343,7350.0,0.0,20.0
117,150.0,3450.0,1.0,0.0,0.0,1.0,1.0,80.74534161490682,130.0,3900.0,1.0,0.0,-0.0,-0.0,0.0,0.0,1.0,0.0,0.0,2622.0496894406806,3060.9302325581343,7350.0,0.0,500.0
118,150.0,3450.0,1.0,0.0,0.0,1.0,1.0,80.74534161490682,130.0,3900.0,1.0,0.0,-0.0,-0.0,0.0,0.0,1.0,-0.0,-0.0,2691.3043478257737,3190.9302325581343,7350.0,0.0,500.0
119,150.0,3450.0,1.0,0.0,0.0,1.0,1.0,80.74534161490682,130.0,3900.0,1.0,0.0,0.0,-0.0,0.0,0.0,1.0,0.0,0.0,2760.559006210867,3320.9302325581343,7350.0,0.0,500.0
120,150.00000000023056,3450.000000005303,1.0,0.0,0.0,1.0,1.0,80.74534161490682,130.0,3900.0,1.0,0.0,0.0,0.0,0.0,0.0,1.0,0.0,0.0,2829.813664596191,3450.9302325581343,7350.000000005302,0.0,20.0
121,150.00000000023056,3450.000000005303,1.0,0.0,0.0,1.0,1.0,80.74534161490682,130.0,3900.0,1.0,0.0,0.0,-0.0,0.0,0.0,1.0,0.0,0.0,2899.0683229815145,3580.9302325581343,7350.000000005302,0.0,20.0
122,150.00000000023056,3450.000000005303,1.0,0.0,0.0,1.0,1.0,80.74534161490682,130.0,3900.0,1.0,0.0,0.0,-0.0,0.0,0.0,1.0,0.0,0.0,2968.322981366838,3710.9302325581343,7350.000000005302,0.0,20.0
123,150.00000000023056,3450.000000005303,1.0,-0.0,0.0,1.0,1.0,80.74534161490682,130.0,3900.0,1.0,0.0,0.0,-0.0,0.0,0.0,1.0,0.0,0.0,3037.5776397521618,3840.9302325581343,7350.000000005302,0.0,20.0
124,150.00000000023056,3450.000000005303,1.0,0.0,0.0,1.0,1.0,80.74534161490682,130.0,3900.0,1.0,0.0,0.0,-0.0,0.0,0.0,1.0,0.0,0.0,3106.8322981374845,3970.9302325581343,7350.000000005302,0.0,0.0
125,0.0,0.0,0.0,-0.0,1.0,1.0,1.0,80.74534161490682,130.0,3900.0,1.0,0.0,0.0,-0.0,0.0,0.0,1.0,0.0,0.0,3026.0869565225776,4100.930232558134,3900.0,0.0,500.0
126,0.0,0.0,0.0,0.0,0.0,1.0,1.0,80.74534161490682,130.0,3900.0,1.0,0.0,0.0,-0.0,0.0,0.0,1.0,0.0,0.0,2945.3416149076706,4230.930232558134,3900.0,0.0,20.0
127,0.0,0.0,0.0,0.0,0.0,1.0,1.0,80.74534161490682,130.0,3900.0,1.0,0.0,0.0,-0.0,0.0,0.0,1.0,0.0,0.0,2864.5962732927637,4360.930232558134,3900.0,0.0,30.0
128,0.0,0.0,0.0,0.0,0.0,1.0,1.0,80.74534161490682,130.0,3900.0,1.0,0.0,0.0,-0.0,0.0,0.0,1.0,0.0,0.0,2783.850931677857,4490.930232558134,3900.0,0.0,30.0
129,0.0,0.0,0.0,-0.0,0.0,0.0,0.0,80.74534161490682,130.0,3900.0,1.0,0.0,0.0,-0.0,0.0,0.0,1.0,0.0,0.0,2703.10559006295,4620.930232558134,3900.0,0.0,500.0
130,0.0,0.0,0.0,0.0,0.0,0.0,1.0,80.74534161490682,130.0,3900.0,1.0,0.0,0.0,-0.0,0.0,0.0,1.0,0.0,0.0,2622.360248448043,4750.930232558134,3900.0,0.0,20.0
131,0.0,0.0,0.0,-0.0,0.0,0.0,1.0,80.74534161490682,130.0,3900.0,1.0,0.0,0.0,-0.0,0.0,0.0,1.0,0.0,0.0,2541.614906833136,4880.930232558134,3900.0,0.0,500.0
132,0.0,0.0,0.0,0.0,0.0,0.0,1.0,80.74534161490682,130.0,3900.0,1.0,0.0,0.0,-0.0,0.0,-0.0,1.0,0.0,0.0,2460.869565218229,5010.930232558135,3900.0,0.0,20.0
133,0.0,0.0,0.0,-0.0,0.0,0.0,1.0,80.74534161490682,130.0,3900.0,1.0,0.0,0.0,-0.0,0.0,0.0,1.0,0.0,0.0,2380.124223603322,5140.930232558135,3900.0,0.0,500.0
134,0.0,0.0,0.0,-0.0,0.0,0.0,1.0,80.74534161490682,130.0,3900.0,1.0,0.0,0.0,-0.0,0.0,0.0,1.0,0.0,0.0,2299.3788819884153,5270.930232558135,3900.0,0.0,20.0
135,-0.0,0.0,-0.0,-0.0,0.0,0.0,1.0,80.74534161490682,130.0,3900.0,1.0,0.0,-0.0,-0.0,0.0,0.0,1.0,0.0,0.0,2218.6335403735084,5400.930232558135,3900.0,0.0,500.0
136,-0.0,0.0,-0.0,-0.0,0.0,0.0,1.0,80.74534161490682,130.0,3900.0,1.0,0.0,0.0,-0.0,0.0,0.0,1.0,0.0,0.0,2137.8881987586014,5530.930232558135,3900.0,0.0,20.0
137,-0.0,0.0,-0.0,-0.0,0.0,0.0,1.0,80.74534161490682,130.0,3900.0,1.0,0.0,-0.0,-0.0,0.0,0.0,1.0,-0.0,-0.0,2057.1428571436945,5660.930232558135,3900.0,0.0,500.0
138,-0.0,0.0,-0.0,-0.0,0.0,0.0,1.0,80.74534161490682,130.0,3900.0,1.0,8800.0,1.0,1.0,0.0,1.0,1.0,255.8139534883721,220.0,1976.3975155287876,5535.116279069763,12700.0,0.0,20.0
139,-0.0,0.0,-0.0,-0.0,0.0,0.0,1.0,80.74534161490682,130.0,3900.0,1.0,8800.0,1.0,-0.0,0.0,1.0,1.0,255.8139534883721,220.0,1895.6521739138807,5409.3023255813905,12700.0,0.0,500.0
140,0.0,0.0,0.0,-0.0,0.0,0.0,1.0,80.74534161490682,130.0,3900.0,1.0,8800.0,1.0,-0.0,0.0,1.0,1.0,255.8139534883721,220.0,1814.9068322989738,5283.488372093018,12700.0,0.0,20.0
141,0.0,0.0,-0.0,-0.0,0.0,0.0,1.0,80.74534161490682,130.0,3900.0,1.0,8800.0,1.0,-0.0,0.0,1.0,1.0,255.8139534883721,220.0,1734.1614906840668,5157.674418604646,12700.0,0.0,500.0
142,-0.0,0.0,-0.0,-0.0,0.0,0.0,1.0,80.74534161490682,130.0,3900.0,1.0,8800.0,1.0,-0.0,0.0,1.0,1.0,255.8139534883721,220.0,1653.41614906916,5031.860465116274,12700.0,0.0,500.0
143,0.0,0.0,0.0,0.0,0.0,0.0,1.0,80.74534161490682,130.0,3900.0,1.0,8800.0,1.0,-0.0,0.0,1.0,1.0,255.8139534883721,220.0,1572.670807454253,4906.046511627902,12700.0,0.0,30.0
144,0.0,0.0,0.0,0.0,0.0,0.0,1.0,80.74534161490682,130.0,3900.0,1.0,8800.0,1.0,-0.0,0.0,1.0,1.0,255.8139534883721,220.0,1491.925465839346,4780.23255813953,12700.0,0.0,500.0
145,150.0,3450.0,1.0,1.0,0.0,1.0,1.0,80.74534161490682,130.0,3900.0,1.0,8800.0,1.0,-0.0,0.0,1.0,1.0,255.8139534883721,220.0,1561.1801242244392,4654.418604651158,16150.0,0.0,20.0
146,150.0,3450.0,1.0,0.0,0.0,1.0,1.0,80.74534161490682,130.0,3900.0,1.0,8800.0,1.0,-0.0,0.0,1.0,1.0,255.8139534883721,220.0,1630.4347826095322,4528.604651162786,16150.0,0.0,0.0
147,150.0,3450.0,1.0,0.0,0.0,1.0,1.0,80.74534161490682,130.0,3900.0,1.0,8800.0,1.0,-0.0,0.0,1.0,1.0,255.8139534883721,220.0,1699.6894409946253,4402.790697674413,16150.0,0.0,20.0
148,150.0,3450.0,1.0,0.0,0.0,1.0,1.0,80.74534161490682,130.0,3900.0,1.0,8800.0,1.0,0.0,0.0,1.0,1.0,255.8139534883721,220.0,1768.9440993797184,4276.976744186041,16150.0,0.0,30.0
149,150.0,3450.0,1.0,0.0,0.0,1.0,1.0,80.74534161490682,130.0,3900.0,1.0,8800.0,1.0,-0.0,0.0,1.0,1.0,255.8139534883721,220.0,1838.1987577648115,4151.162790697669,16150.0,0.0,20.0
150,150.0,3450.0,1.0,0.0,0.0,1.0,1.0,80.74534161490682,130.0,3900.0,1.0,8800.0,1.0,-0.0,0.0,1.0,1.0,255.8139534883721,220.0,1907.4534161499046,4025.348837209297,16150.0,0.0,20.0
151,150.0,3450.0,1.0,-0.0,0.0,1.0,1.0,80.74534161490682,130.0,3900.0,1.0,8800.0,1.0,-0.0,0.0,1.0,1.0,255.8139534883721,220.0,1976.7080745349976,3899.534883720925,16150.0,0.0,30.0
152,150.0,3450.0,1.0,-0.0,0.0,1.0,1.0,80.74534161490682,130.0,3900.0,1.0,8800.0,1.0,0.0,0.0,1.0,1.0,255.8139534883721,220.0,2045.9627329200907,3773.7209302325527,16150.0,0.0,30.0
153,150.0,3450.0,1.0,-0.0,0.0,1.0,1.0,80.74534161490682,130.0,3900.0,1.0,8800.0,1.0,-0.0,0.0,1.0,1.0,255.8139534883721,220.0,2115.217391305184,3647.9069767441806,16150.0,0.0,20.0
154,150.0,3450.0,1.0,-0.0,0.0,1.0,1.0,80.74534161490682,130.0,3900.0,1.0,8800.0,1.0,-0.0,0.0,1.0,1.0,255.8139534883721,220.0,2184.472049690277,3522.0930232558085,16150.0,0.0,0.0
155,150.0,3450.0,1.0,-0.0,0.0,1.0,1.0,80.74534161490682,130.0,3900.0,1.0,8800.0,1.0,-0.0,0.0,1.0,1.0,255.8139534883721,220.0,2253.72670807537,3396.2790697674363,16150.0,0.0,20.0
156,150.0,3450.0,1.0,-0.0,0.0,1.0,1.0,80.74534161490682,130.0,3900.0,1.0,8800.0,1.0,-0.0,0.0,1.0,1.0,255.8139534883721,220.0,2322.981366460463,3270.465116279064,16150.0,0.0,20.0
157,150.0,3450.0,1.0,-0.0,0.0,1.0,1.0,80.74534161490682,130.0,3900.0,1.0,8800.0,1.0,-0.0,0.0,1.0,1.0,255.8139534883721,220.0,2392.236024845556,3144.651162790692,16150.0,0.0,20.0
158,150.0,3450.0,1.0,0.0,0.0,1.0,1.0,80.74534161490682,130.0,3900.0,1.0,8800.0,1.0,-0.0,0.0,1.0,1.0,255.8139534883721,220.0,2461.490683230649,3018.83720930232,16150.0,0.0,20.0
159,150.0,3450.0,1.0,-0.0,0.0,1.0,1.0,80.74534161490682,130.0,3900.0,1.0,8800.0,1.0,-0.0,0.0,1.0,1.0,255.8139534883721,220.0,2530.7453416157423,2893.023255813948,16150.0,0.0,500.0
160,150.0,3450.0,1.0,-0.0,0.0,1.0,1.0,80.74534161490682,130.0,3900.0,1.0,8800.0,1.0,-0.0,0.0,1.0,1.0,255.8139534883721,220.0,2600.0000000008354,2767.2093023255757,16150.0,0.0,20.0
161,0.0,0.0,-0.0,-0.0,1.0,1.0,1.0,80.74534161490682,130.0,3900.0,1.0,0.0,-0.0,-0.0,1.0,1.0,1.0,-0.0,-0.0,2519.2546583859285,2897.2093023255757,3900.0,0.0,500.0
162,0.0,0.0,0.0,-0.0,0.0,1.0,1.0,80.74534161490682,130.0,3900.0,1.0,0.0,-0.0,-0.0,0.0,1.0,1.0,0.0,0.0,2438.5093167710215,3027.2093023255757,3900.0,0.0,500.0
163,0.0,0.0,-0.0,0.0,0.0,1.0,1.0,80.74534161490682,130.0,3900.0,1.0,0.0,0.0,-0.0,0.0,1.0,1.0,0.0,0.0,2357.7639751561146,3157.2093023255757,3900.0,0.0,500.0
164,0.0,0.0,-0.0,0.0,0.0,1.0,1.0,80.74534161490682,130.0,3900.0,1.0,0.0,0.0,0.0,0.0,1.0,1.0,0.0,0.0,2277.0186335412077,3287.2093023255757,3900.0,0.0,30.0
165,0.0,0.0,-0.0,0.0,0.0,0.0,0.0,80.74534161490682,130.0,3900.0,1.0,8800.0,1.0,1.0,0.0,1.0,1.0,255.8139534883721,220.0,2196.2732919263008,3161.3953488372035,12700.0,0.0,20.0
166,0.0,0.0,-0.0,0.0,0.0,-0.0,1.0,80.74534161490682,130.0,3900.0,1.0,8800.0,1.0,-0.0,0.0,1.0,1.0,255.8139534883721,220.0,2115.527950311394,3035.5813953488314,12700.0,0.0,20.0
167,-0.0,0.0,-0.0,-0.0,0.0,0.0,1.0,80.74534161490682,130.0,3900.0,1.0,8800.0,1.0,-0.0,0.0,1.0,1.0,255.8139534883721,220.0,2034.782608696487,2909.7674418604593,12700.0,0.0,20.0
168,-0.0,0.0,-0.0,-0.0,0.0,0.0,1.0,80.74534161490682,130.0,3900.0,1.0,8800.0,1.0,-0.0,0.0,1.0,1.0,255.8139534883721,220.0,1954.03726708158,2783.953488372087,12700.0,0.0,20.0
169,-0.0,0.0,-0.0,0.0,0.0,0.0,1.0,80.74534161490682,130.0,3900.0,1.0,8800.0,1.0,-0.0,0.0,1.0,1.0,255.8139534883721,220.0,1873.291925466673,2658.139534883715,12700.0,0.0,30.0
170,-0.0,0.0,-0.0,-0.0,0.0,0.0,1.0,80.74534161490682,130.0,3900.0,1.0,8800.0,1.0,-0.0,0.0,1.0,1.0,255.8139534883721,220.0,1792.5465838517662,2532.325581395343,12700.0,0.0,500.0
171,0.0,0.0,0.0,0.0,0.0,-0.0,1.0,80.74534161490682,130.0,3900.0,1.0,8800.0,1.0,-0.0,0.0,1.0,1.0,255.8139534883721,220.0,1711.8012422368593,2406.5116279069707,12700.0,0.0,30.0
172,-0.0,0.0,-0.0,-0.0,0.0,-0.0,1.0,80.74534161490682,130.0,3900.0,1.0,8800.0,1.0,0.0,0.0,1.0,1.0,255.8139534883721,220.0,1631.0559006219523,2280.6976744185986,12700.0,0.0,20.0
173,0.0,0.0,0.0,0.0,0.0,0.0,1.0,80.74534161490682,130.0,3900.0,1.0,8800.0,1.0,-0.0,0.0,1.0,1.0,255.8139534883721,220.0,1550.3105590070454,2154.8837209302264,12700.0,0.0,30.0
174,-0.0,0.0,-0.0,-0.0,0.0,-0.0,1.0,80.74534161490682,130.0,3900.0,1.0,8800.0,1.0,-0.0,0.0,1.0,1.0,255.8139534883721,220.0,1469.5652173921385,2029.0697674418543,12700.0,0.0,20.0
175,0.0,0.0,-0.0,0.0,0.0,0.0,1.0,80.74534161490682,130.0,3900.0,1.0,8800.0,1.0,-0.0,0.0,1.0,1.0,255.8139534883721,220.0,1388.8198757772316,1903.2558139534822,12700.0,0.0,20.0
176,-0.0,0.0,-0.0,-0.0,0.0,0.0,1.0,80.74534161490682,130.0,3900.0,1.0,8800.0,1.0,-0.0,0.0,1.0,1.0,255.8139534883721,220.0,1308.0745341623247,1777.44186046511,12700.0,0.0,20.0
177,-0.0,0.0,-0.0,-0.0,0.0,-0.0,1.0,80.74534161490682,130.0,3900.0,1.0,8800.0,1.0,-0.0,0.0,1.0,1.0,255.8139534883721,220.0,1227.3291925474177,1651.627906976738,12700.0,0.0,500.0
178,0.0,0.0,-0.0,0.0,0.0,-0.0,1.0,80.74534161490682,130.0,3900.0,1.0,8800.0,1.0,-0.0,0.0,1.0,1.0,255.8139534883721,220.0,1146.5838509325108,1525.8139534883658,12700.0,0.0,20.0
179,0.0,0.0,0.0,0.0,0.0,0.0,1.0,80.74534161490682,130.0,3900.0,1.0,8800.0,1.0,-0.0,0.0,1.0,1.0,255.8139534883721,220.0,1065.838509317607,1399.9999999999936,12700.0,0.0,20.0
180,0.0,0.0,0.0,-0.0,0.0,0.0,1.0,80.74534161490682,130.0,3900.0,1.0,8800.0,1.0,-0.0,0.0,1.0,1.0,255.8139534883721,220.0,985.0931677027003,1274.1860465116215,12700.0,0.0,30.0
181,0.0,0.0,0.0,-0.0,0.0,0.0,1.0,80.74534161490682,130.0,3900.0,1.0,8800.0,1.0,-0.0,0.0,1.0,1.0,255.8139534883721,220.0,904.3478260877935,1148.3720930232494,12700.0,0.0,20.0
182,0.0,0.0,-0.0,0.0,0.0,0.0,1.0,80.74534161490682,130.0,3900.0,1.0,8800.0,1.0,-0.0,0.0,1.0,1.0,255.8139534883721,220.0,823.6024844728867,1022.5581395348772,12700.0,0.0,20.0
183,0.0,0.0,0.0,-0.0,0.0,0.0,1.0,80.74534161490682,130.0,3900.0,1.0,8800.0,1.0,-0.0,0.0,1.0,1.0,255.8139534883721,220.0,742.8571428579799,896.7441860465051,12700.0,0.0,500.0
184,-0.0,0.0,-0.0,0.0,0.0,0.0,1.0,80.74534161490682,130.0,3900.0,1.0,8800.0,1.0,-0.0,0.0,1.0,1.0,255.8139534883721,220.0,662.111801243073,770.930232558133,12700.0,0.0,0.0
185,0.0,0.0,0.0,-0.0,0.0,0.0,1.0,80.74534161490682,130.0,3900.0,1.0,8800.0,1.0,-0.0,0.0,1.0,1.0,255.8139534883721,220.0,581.3664596281662,645.1162790697608,12700.0,0.0,500.0
186,0.0,0.0,0.0,-0.0,0.0,0.0,1.0,80.74534161490682,130.0,3900.0,1.0,8800.0,1.0,-0.0,0.0,1.0,1.0,255.8139534883721,220.0,500.62111801325943,519.3023255813887,12700.0,0.0,500.0
187,0.0,0.0,0.0,0.0,0.0,0.0,1.0,80.74534161490682,130.0,3900.0,1.0,8800.0,1.0,-0.0,0.0,1.0,1.0,255.8139534883721,220.0,419.8757763983526,393.48837209301655,12700.0,0.0,30.0
188,0.0,0.0,0.0,-0.0,0.0,0.0,1.0,80.74534161490682,130.0,3900.0,1.0,8800.0,1.0,-0.0,0.0,1.0,1.0,255.8139534883721,220.0,339.1304347834458,267.6744186046445,12700.0,0.0,20.0
189,0.0,0.0,0.0,0.0,0.0,0.0,1.0,80.74534161490682,130.0,3900.0,1.0,8800.0,1.0,-0.0,0.0,1.0,1.0,255.8139534883721,220.0,258.385093168539,141.86046511627237,12700.0,0.0,20.0
190,0.0,0.0,0.0,-0.0,0.0,-0.0,1.0,80.74534161490682,130.0,3900.0,1.0,0.0,0.0,-0.0,1.0,1.0,1.0,0.0,0.0,177.6397515536322,271.8604651162724,3900.0,0.0,500.0
191,-0.0,0.0,-0.0,0.0,0.0,0.0,1.0,80.74534161490682,130.0,3900.0,1.0,0.0,-0.0,-0.0,0.0,1.0,1.0,-0.0,-0.0,96.89440993872539,401.8604651162724,3900.0,0.0,20.0
